{"cameraMode":{"drawMode":0,"name":"Shaded","section":"Shading Mode"},"sceneLighting":false,"audioPlay":false,"sceneViewState":{"m_AlwaysRefresh":false,"showFog":true,"showSkybox":true,"showFlares":true,"showImageEffects":true,"showParticleSystems":true,"showVisualEffectGraphs":true,"m_FxEnabled":true},"in2DMode":false,"pivot":{"x":-44.233619689941409,"y":0.8879176378250122,"z":29.64073944091797},"rotation":{"x":0.026287680491805078,"y":-0.9621849656105042,"z":0.10387008637189865,"w":0.25101327896118166},"size":0.2519393265247345,"orthographic":false}